<?xml version="1.0" standalone="yes"?>
<NewDataSet>
  <xs:schema id="NewDataSet" xmlns="" xmlns:xs="http://www.w3.org/2001/XMLSchema" xmlns:msdata="urn:schemas-microsoft-com:xml-msdata">
    <xs:element name="NewDataSet" msdata:IsDataSet="true" msdata:UseCurrentLocale="true">
      <xs:complexType>
        <xs:choice minOccurs="0" maxOccurs="unbounded">
          <xs:element name="Table">
            <xs:complexType>
              <xs:sequence>
                <xs:element name="Value" type="xs:string" minOccurs="0" />
                <xs:element name="TopPos" type="xs:int" minOccurs="0" />
                <xs:element name="LeftPos" type="xs:int" minOccurs="0" />
                <xs:element name="Font" type="xs:string" minOccurs="0" />
                <xs:element name="FontSize" type="xs:int" minOccurs="0" />
                <xs:element name="AddedHeight" type="xs:int" minOccurs="0" />
                <xs:element name="Vertical" type="xs:int" minOccurs="0" />
                <xs:element name="Width" type="xs:int" minOccurs="0" />
                <xs:element name="Height" type="xs:int" minOccurs="0" />
                <xs:element name="ImgAddress" type="xs:string" minOccurs="0" />
              </xs:sequence>
            </xs:complexType>
          </xs:element>
        </xs:choice>
      </xs:complexType>
    </xs:element>
  </xs:schema>
  <Table>
    <Value>#page#</Value>
    <Width>350</Width>
    <Height>600</Height>
  </Table>
  <Table>
    <Value>#prodtype#</Value>
    <TopPos>17</TopPos>
    <LeftPos>26</LeftPos>
    <Font>Swis721 Cn BT</Font>
    <FontSize>28</FontSize>
    <Vertical>0</Vertical>
  </Table>
  <Table>
    <Value>#product#</Value>
    <TopPos>57</TopPos>
    <LeftPos>26</LeftPos>
    <Font>Swis721 Cn BT</Font>
    <FontSize>30</FontSize>
  </Table>
  <Table>
    <Value>#prodvar#</Value>
    <TopPos>57</TopPos>
    <LeftPos>150</LeftPos>
    <Font>Swis721 Cn BT</Font>
    <FontSize>30</FontSize>
    <Vertical>0</Vertical>
  </Table>
  <Table>
    <Value>#proddate#</Value>
    <TopPos>456</TopPos>
    <LeftPos>36</LeftPos>
    <Font>Swis721 Cn BT</Font>
    <FontSize>10</FontSize>
  </Table>
  <Table>
    <Value>#prodtime#</Value>
    <TopPos>456</TopPos>
    <LeftPos>87</LeftPos>
    <Font>Swis721 Cn BT</Font>
    <FontSize>10</FontSize>
    <Vertical>0</Vertical>
  </Table>
  <Table>
    <Value>#ean128#</Value>
    <TopPos>-7</TopPos>
    <LeftPos>236</LeftPos>
    <Font>EAN128</Font>
    <FontSize>55</FontSize>
    <AddedHeight>10</AddedHeight>
    <Vertical>1</Vertical>
    <Width>50</Width>
    <Height>450</Height>
  </Table>
  <Table>
    <Value>#ean128#</Value>
    <TopPos>107</TopPos>
    <LeftPos>138</LeftPos>
    <Font>datamatrix</Font>
    <FontSize>60</FontSize>
    <Width>50</Width>
  </Table>
  <Table>
    <Value>#ean128code#</Value>
    <TopPos>170</TopPos>
    <LeftPos>210</LeftPos>
    <Font>Swis721 Cn BT</Font>
    <FontSize>10</FontSize>
    <Vertical>1</Vertical>
    <Width>0</Width>
  </Table>
  <Table>
    <Value>#ean13#</Value>
    <TopPos>496</TopPos>
    <LeftPos>3</LeftPos>
    <Font>ean13</Font>
    <FontSize>42</FontSize>
    <AddedHeight>30</AddedHeight>
    <Width>180</Width>
    <Height>60</Height>
  </Table>
  <Table>
    <Value>#machine#</Value>
    <TopPos>456</TopPos>
    <LeftPos>160</LeftPos>
    <Font>Swis721 Cn BT</Font>
    <FontSize>10</FontSize>
  </Table>
  <Table>
    <Value>#factory#</Value>
    <TopPos>456</TopPos>
    <LeftPos>142</LeftPos>
    <Font>Swis721 Cn BT</Font>
    <FontSize>10</FontSize>
  </Table>
  <Table>
    <Value>#odm#</Value>
    <TopPos>115</TopPos>
    <LeftPos>26</LeftPos>
    <Font>Swis721 Cn BT</Font>
    <FontSize>30</FontSize>
  </Table>
  <Table>
    <Value>#orcinventory#</Value>
    <TopPos>161</TopPos>
    <LeftPos>26</LeftPos>
    <Font>Swis721 Cn BT</Font>
    <FontSize>18</FontSize>
  </Table>
  <Table>
    <Value>#factorytime#</Value>
    <TopPos>188</TopPos>
    <LeftPos>26</LeftPos>
    <Font>Swis721 Cn BT</Font>
    <FontSize>18</FontSize>
  </Table>
  <Table>
    <Value>#week#</Value>
    <TopPos>219</TopPos>
    <LeftPos>30</LeftPos>
    <Font>Swis721 Cn BT</Font>
    <FontSize>40</FontSize>
  </Table>
  <Table>
    <Value>#prodcode#</Value>
    <TopPos>280</TopPos>
    <LeftPos>30</LeftPos>
    <Font>Swis721 Cn BT</Font>
    <FontSize>18</FontSize>
  </Table>
  <Table>
    <Value>PROD. DATE</Value>
    <TopPos>435</TopPos>
    <LeftPos>34</LeftPos>
    <Font>Swis721 Cn BT</Font>
    <FontSize>13</FontSize>
  </Table>
  <Table>
    <Value>#berat#</Value>
    <TopPos>392</TopPos>
    <LeftPos>38</LeftPos>
    <Font>datamatrix</Font>
    <FontSize>50</FontSize>
    <Width>40</Width>
  </Table>
</NewDataSet>