<?xml version="1.0" standalone="yes"?>
<NewDataSet>
  <Table1>
    <X>10.3</X>
    <Y>8.5</Y>
    <Type>page</Type>
  </Table1>
  <Table1>
    <Label>#TIME#</Label>
    <X>203</X>
    <Y>135</Y>
    <Width>136</Width>
    <Height>42</Height>
    <Type />
    <FontSize>12</FontSize>
    <FontFamily>[FontFamily: Name=Microsoft Sans Serif]</FontFamily>
    <FontTipe>0</FontTipe>
    <Alignment>Center</Alignment>
  </Table1>
  <Table1>
    <Label>#DATE#</Label>
    <X>22</X>
    <Y>135</Y>
    <Width>136</Width>
    <Height>42</Height>
    <Type />
    <FontSize>12</FontSize>
    <FontFamily>[FontFamily: Name=Microsoft Sans Serif]</FontFamily>
    <FontTipe>0</FontTipe>
    <Alignment>Center</Alignment>
  </Table1>
  <Table1>
    <Label>#MODE#</Label>
    <X>203</X>
    <Y>89</Y>
    <Width>136</Width>
    <Height>42</Height>
    <Type />
    <FontSize>12</FontSize>
    <FontFamily>[FontFamily: Name=Microsoft Sans Serif]</FontFamily>
    <FontTipe>0</FontTipe>
    <Alignment>Center</Alignment>
  </Table1>
  <Table1>
    <Label>#TIPEREJECT#</Label>
    <X>8</X>
    <Y>216</Y>
    <Width>373</Width>
    <Height>109</Height>
    <Type />
    <FontSize>12</FontSize>
    <FontFamily>[FontFamily: Name=Microsoft Sans Serif]</FontFamily>
    <FontTipe>0</FontTipe>
    <Alignment>Left</Alignment>
  </Table1>
  <Table1>
    <Label>#WEIGHT#</Label>
    <X>13</X>
    <Y>83</Y>
    <Width>136</Width>
    <Height>42</Height>
    <Type />
    <FontSize>12</FontSize>
    <FontFamily>[FontFamily: Name=Microsoft Sans Serif]</FontFamily>
    <FontTipe>0</FontTipe>
    <Alignment>Center</Alignment>
  </Table1>
  <Table1>
    <Label>#CIGCODE#</Label>
    <X>203</X>
    <Y>33</Y>
    <Width>136</Width>
    <Height>42</Height>
    <Type />
    <FontSize>12</FontSize>
    <FontFamily>[FontFamily: Name=Microsoft Sans Serif]</FontFamily>
    <FontTipe>0</FontTipe>
    <Alignment>Center</Alignment>
  </Table1>
  <Table1>
    <Label>#LU#</Label>
    <X>13</X>
    <Y>33</Y>
    <Width>136</Width>
    <Height>42</Height>
    <Type />
    <FontSize>12</FontSize>
    <FontFamily>[FontFamily: Name=Microsoft Sans Serif]</FontFamily>
    <FontTipe>0</FontTipe>
    <Alignment>Center</Alignment>
  </Table1>
</NewDataSet>